[
  {
    "uuid": "cyber-001",
    "title": "Sudadera Glitchcore",
    "price": 95.00,
    "oldPrice": null,
    "category": "Cyber-Noir",
    "image": "../Media/new/glitchcore.png",
    "description": "El caos digital hecho tejido. Algodón premium con impresión de alta densidad.",
    "stock": 10,
    "isNew": true
  },
  {
    "uuid": "bloom-002",
    "title": "Camiseta Digital Bloom",
    "price": 95.00,
    "oldPrice": 119.00,
    "category": "Digital Bloom",
    "image": "../Media/new/digitalbloom.png",
    "description": "Naturaleza sintética. Una fusión entre lo orgánico y lo procesado.",
    "stock": 15,
    "isNew": false
  },
  {
    "uuid": "circuit-003",
    "title": "Gorra Circuits & Roots",
    "price": 45.00,
    "oldPrice": null,
    "category": "Circuits & Roots",
    "image": "../Media/new/circuitsroots.png",
    "description": "Conexiones visibles. Bordado 3D sobre panel estructurado.",
    "stock": 8,
    "isNew": false
  },
  {
    "uuid": "jacket-004",
    "title": "Chaqueta Anarchy",
    "price": 150.00,
    "oldPrice": null,
    "category": "Cyber-Noir",
    "image": "../Media/new/sueter.png",
    "description": "Resistencia urbana. Materiales impermeables y corte oversize.",
    "stock": 5,
    "isNew": true
  }
]