[
  {
    "name": "Thomas Anderson",
    "email": "neo@matrix.com",
    "password": "redpillbluepill"
  },
  {
    "name": "Trinity",
    "email": "trinity@nebuchadnezzar.ship",
    "password": "followthewhiterabbit"
  },
  {
    "name": "Morpheus",
    "email": "morpheus@zion.city",
    "password": "freeyourmind"
  },
  {
    "name": "Glitch Phantom",
    "email": "ghost@shell.net",
    "password": "system_failure"
  },
  {
    "name": "Acid Burn",
    "email": "crash@override.org",
    "password": "hacktheplanet"
  },
  {
    "name": "Alejandro",
    "email": "oceguedaalejandro12@gmail.com",
    "password": "Cabezon"
  }
]